{
  "cabecera": {
    "dato": {
      "id": 6,
      "nombre": "Mary"
    },
    "siguiente": {
      "dato": {
        "nombre": "Maria"
      },
      "siguiente": {
        "dato": {
          "id": 8,
          "nombre": "Jorde"
        },
        "siguiente": {
          "dato": {
            "id": 9,
            "nombre": "Camilia"
          },
          "siguiente": {
            "dato": {
              "id": 10,
              "nombre": "ANgel"
            },
            "anio": 0
          },
          "anio": 0
        },
        "anio": 0
      },
      "anio": 0
    },
    "anio": 0
  },
  "size": 9
}