<?xml version="1.0" encoding="UTF-8"?>
<project-private xmlns="http://www.netbeans.org/ns/project-private/1">
    <editor-bookmarks xmlns="http://www.netbeans.org/ns/editor-bookmarks/2" lastBookmarkId="0"/>
    <open-files xmlns="http://www.netbeans.org/ns/projectui-open-files/2">
        <group>
            <file>file:/home/marylin/NetBeansProjects/Practica1Tercero%20(1)/src/vista/FrmSucursal.java</file>
            <file>file:/home/marylin/NetBeansProjects/Practica1Tercero%20(1)/src/vista/Utilidades/utilidades.java</file>
            <file>file:/home/marylin/NetBeansProjects/Practica1Tercero%20(1)/src/vista/FrmHistorial.java</file>
        </group>
    </open-files>
</project-private>
